<?xml version="1.0" encoding="UTF-8"?>
<navigationModel
  ns = "http://schemas.android.com?import=com.android.tools.idea.editors.navigation.model.*">
  <locations  
    class = "java.util.ArrayList">
    <statePointEntry>
      <state      
        class = "com.android.tools.idea.editors.navigation.model.ActivityState"      
        className = "com.atl.whyhello2.MainActivity"/>
      <point      
        x = "640"      
        y = "480"/>
    </statePointEntry>
    <statePointEntry>
      <state      
        class = "com.android.tools.idea.editors.navigation.model.MenuState"      
        xmlResourceName = "menu_main"/>
      <point      
        x = "1908"      
        y = "480"/>
    </statePointEntry>
  </locations>
</navigationModel>
